
-- phpMyAdmin SQL Dump
-- version 3.5.2.2
-- http://www.phpmyadmin.net
--
-- Host: localhost
-- Generation Time: Aug 04, 2017 at 04:55 PM
-- Server version: 10.1.24-MariaDB
-- PHP Version: 5.2.17

SET SQL_MODE="NO_AUTO_VALUE_ON_ZERO";
SET time_zone = "+00:00";


/*!40101 SET @OLD_CHARACTER_SET_CLIENT=@@CHARACTER_SET_CLIENT */;
/*!40101 SET @OLD_CHARACTER_SET_RESULTS=@@CHARACTER_SET_RESULTS */;
/*!40101 SET @OLD_COLLATION_CONNECTION=@@COLLATION_CONNECTION */;
/*!40101 SET NAMES utf8 */;

--
-- Database: `attendance`
--

-- --------------------------------------------------------

--
-- Table structure for table `department`
--

CREATE TABLE IF NOT EXISTS `department` (
  `d_id` int(11) NOT NULL,
  `name` varchar(30) DEFAULT NULL,
  PRIMARY KEY (`d_id`)
) ENGINE=MyISAM DEFAULT CHARSET=latin1;

--
-- Dumping data for table `department`
--

INSERT INTO `department` (`d_id`, `name`) VALUES
(1, 'Computer Engineering'),
(2, 'Information Technology'),
(3, 'EXTC '),
(4, 'Electronics');

-- --------------------------------------------------------

--
-- Table structure for table `dept_yr_div`
--

CREATE TABLE IF NOT EXISTS `dept_yr_div` (
  `id` int(11) NOT NULL,
  `d_id` int(11) DEFAULT NULL,
  `y_id` int(11) DEFAULT NULL,
  `div_id` int(11) DEFAULT NULL,
  PRIMARY KEY (`id`),
  KEY `d_id` (`d_id`),
  KEY `y_id` (`y_id`),
  KEY `div_id` (`div_id`)
) ENGINE=MyISAM DEFAULT CHARSET=latin1;

--
-- Dumping data for table `dept_yr_div`
--

INSERT INTO `dept_yr_div` (`id`, `d_id`, `y_id`, `div_id`) VALUES
(1, 1, 1, 1),
(2, 1, 1, 2),
(3, 1, 2, 1),
(4, 1, 2, 2),
(5, 1, 3, 1),
(6, 1, 3, 2),
(7, 1, 4, 1),
(8, 1, 4, 2),
(9, 2, 1, 1),
(10, 2, 2, 1),
(11, 2, 3, 1),
(12, 2, 4, 1),
(13, 3, 1, 1),
(14, 3, 1, 2),
(15, 3, 2, 1),
(16, 3, 2, 2),
(17, 3, 3, 1),
(18, 3, 3, 2),
(19, 3, 4, 1),
(20, 3, 4, 2);

-- --------------------------------------------------------

--
-- Table structure for table `division`
--

CREATE TABLE IF NOT EXISTS `division` (
  `div_id` int(11) NOT NULL,
  `name` varchar(20) DEFAULT NULL,
  PRIMARY KEY (`div_id`)
) ENGINE=MyISAM DEFAULT CHARSET=latin1;

--
-- Dumping data for table `division`
--

INSERT INTO `division` (`div_id`, `name`) VALUES
(1, 'A'),
(2, 'B');

-- --------------------------------------------------------

--
-- Table structure for table `lecture`
--

CREATE TABLE IF NOT EXISTS `lecture` (
  `l_id` int(11) NOT NULL AUTO_INCREMENT,
  `teach_sub_id` int(11) DEFAULT NULL,
  `u_id` int(11) NOT NULL,
  `date` date DEFAULT NULL,
  PRIMARY KEY (`l_id`),
  KEY `teach_sub_id` (`teach_sub_id`),
  KEY `u_id` (`u_id`)
) ENGINE=MyISAM  DEFAULT CHARSET=utf8 AUTO_INCREMENT=38 ;

--
-- Dumping data for table `lecture`
--

INSERT INTO `lecture` (`l_id`, `teach_sub_id`, `u_id`, `date`) VALUES
(1, 1, 5, '2016-11-06'),
(2, 2, 5, '2016-11-06'),
(3, 3, 5, '2016-11-06'),
(4, 1, 6, '2016-11-06'),
(5, 4, 5, '2016-11-06'),
(6, 4, 5, '2016-11-06'),
(7, 5, 5, '2016-11-06'),
(8, 5, 5, '2016-11-06'),
(9, 6, 5, '2016-11-06'),
(10, 6, 5, '2016-11-06'),
(11, 6, 5, '2016-11-06'),
(12, 6, 5, '2016-11-06'),
(13, 6, 5, '2016-11-06'),
(14, 3, 5, '2016-11-06'),
(15, 3, 5, '2016-11-06'),
(16, 3, 5, '2016-11-06'),
(17, 2, 5, '2016-11-06'),
(18, 2, 5, '2016-11-06'),
(19, 2, 5, '2016-11-07'),
(20, 1, 5, '2016-11-07'),
(21, 1, 5, '2016-11-07'),
(22, 1, 5, '2016-11-07'),
(23, 1, 5, '2016-11-07'),
(24, 4, 5, '2016-11-07'),
(25, 7, 6, '2016-11-07'),
(26, 3, 5, '2016-11-08'),
(27, 1, 5, '2016-11-08'),
(28, 1, 5, '2016-11-08'),
(29, 2, 5, '2016-11-08'),
(30, 3, 5, '2016-11-08'),
(31, 4, 5, '2016-11-08'),
(32, 3, 5, '2016-11-10'),
(33, 1, 5, '2016-11-25'),
(34, 1, 5, '2017-01-23'),
(35, 1, 5, '2017-01-24'),
(36, 1, 5, '2017-01-24'),
(37, 1, 5, '2017-03-14');

-- --------------------------------------------------------

--
-- Table structure for table `lecture_status`
--

CREATE TABLE IF NOT EXISTS `lecture_status` (
  `l_id` int(11) NOT NULL,
  `s_id` bigint(15) NOT NULL,
  `status` varchar(1) DEFAULT NULL,
  PRIMARY KEY (`l_id`,`s_id`),
  KEY `s_id` (`s_id`)
) ENGINE=MyISAM DEFAULT CHARSET=utf8;

--
-- Dumping data for table `lecture_status`
--

INSERT INTO `lecture_status` (`l_id`, `s_id`, `status`) VALUES
(1, 60004140001, 'P'),
(1, 60004140002, 'P'),
(1, 60004140003, 'P'),
(1, 60004140004, 'P'),
(1, 60004140005, 'P'),
(1, 60004140006, 'P'),
(1, 60004140007, 'P'),
(1, 60004140008, 'P'),
(1, 60004140009, 'P'),
(1, 60004140010, 'P'),
(1, 60004140011, 'P'),
(1, 60004140012, 'P'),
(1, 60004140013, 'P'),
(1, 60004140014, 'P'),
(1, 60004140015, 'P'),
(1, 60004140016, 'P'),
(1, 60004140017, 'P'),
(1, 60004140018, 'P'),
(1, 60004140019, 'P'),
(1, 60004140020, 'P'),
(1, 60004140021, 'P'),
(1, 60004140022, 'P'),
(1, 60004140023, 'P'),
(1, 60004140024, 'P'),
(1, 60004140025, 'P'),
(1, 60004140026, 'P'),
(1, 60004140027, 'P'),
(1, 60004140028, 'P'),
(1, 60004140029, 'P'),
(1, 60004140030, 'P'),
(1, 60004140031, 'P'),
(1, 60004140032, 'P'),
(1, 60004140033, 'P'),
(1, 60004140034, 'P'),
(1, 60004140035, 'P'),
(1, 60004140036, 'P'),
(1, 60004140037, 'P'),
(1, 60004140038, 'P'),
(1, 60004140039, 'P'),
(1, 60004140040, 'P'),
(1, 60004140041, 'P'),
(1, 60004140042, 'P'),
(1, 60004140043, 'P'),
(1, 60004140044, 'P'),
(1, 60004140045, 'P'),
(1, 60004140046, 'P'),
(1, 60004140047, 'P'),
(1, 60004140048, 'P'),
(1, 60004140049, 'P'),
(1, 60004140050, 'P'),
(1, 60004140051, 'P'),
(1, 60004140052, 'P'),
(1, 60004140053, 'P'),
(1, 60004140054, 'P'),
(1, 60004140055, 'P'),
(1, 60004140056, 'P'),
(1, 60004140057, 'P'),
(1, 60004140058, 'P'),
(1, 60004140059, 'P'),
(1, 60004140060, 'P'),
(2, 60004140001, 'P'),
(2, 60004140002, 'P'),
(2, 60004140003, 'P'),
(2, 60004140004, 'P'),
(2, 60004140005, 'P'),
(2, 60004140006, 'A'),
(2, 60004140007, 'P'),
(2, 60004140008, 'P'),
(2, 60004140009, 'P'),
(2, 60004140010, 'A'),
(2, 60004140011, 'P'),
(2, 60004140012, 'P'),
(2, 60004140013, 'P'),
(2, 60004140014, 'P'),
(2, 60004140015, 'P'),
(2, 60004140016, 'P'),
(2, 60004140017, 'P'),
(2, 60004140018, 'P'),
(2, 60004140019, 'P'),
(2, 60004140020, 'P'),
(2, 60004140021, 'P'),
(2, 60004140022, 'P'),
(2, 60004140023, 'A'),
(2, 60004140024, 'P'),
(2, 60004140025, 'A'),
(2, 60004140026, 'P'),
(2, 60004140027, 'P'),
(2, 60004140028, 'P'),
(2, 60004140029, 'P'),
(2, 60004140030, 'A'),
(2, 60004140031, 'P'),
(2, 60004140032, 'P'),
(2, 60004140033, 'P'),
(2, 60004140034, 'P'),
(2, 60004140035, 'A'),
(2, 60004140036, 'P'),
(2, 60004140037, 'P'),
(2, 60004140038, 'A'),
(2, 60004140039, 'P'),
(2, 60004140040, 'P'),
(2, 60004140041, 'A'),
(2, 60004140042, 'P'),
(2, 60004140043, 'P'),
(2, 60004140044, 'P'),
(2, 60004140045, 'P'),
(2, 60004140046, 'P'),
(2, 60004140047, 'P'),
(2, 60004140048, 'P'),
(2, 60004140049, 'P'),
(2, 60004140050, 'P'),
(2, 60004140051, 'A'),
(2, 60004140052, 'A'),
(2, 60004140053, 'P'),
(2, 60004140054, 'A'),
(2, 60004140055, 'P'),
(2, 60004140056, 'P'),
(2, 60004140057, 'P'),
(2, 60004140058, 'P'),
(2, 60004140059, 'A'),
(2, 60004140060, 'P'),
(3, 60004140001, 'P'),
(3, 60004140002, 'P'),
(3, 60004140003, 'P'),
(3, 60004140004, 'P'),
(3, 60004140005, 'P'),
(3, 60004140006, 'P'),
(3, 60004140007, 'P'),
(3, 60004140008, 'P'),
(3, 60004140009, 'P'),
(3, 60004140010, 'P'),
(3, 60004140011, 'P'),
(3, 60004140012, 'P'),
(3, 60004140013, 'P'),
(3, 60004140014, 'P'),
(3, 60004140015, 'P'),
(3, 60004140016, 'P'),
(3, 60004140017, 'P'),
(3, 60004140018, 'P'),
(3, 60004140019, 'P'),
(3, 60004140020, 'P'),
(3, 60004140021, 'A'),
(3, 60004140022, 'A'),
(3, 60004140023, 'P'),
(3, 60004140024, 'P'),
(3, 60004140025, 'P'),
(3, 60004140026, 'A'),
(3, 60004140027, 'P'),
(3, 60004140028, 'P'),
(3, 60004140029, 'P'),
(3, 60004140030, 'P'),
(3, 60004140031, 'A'),
(3, 60004140032, 'P'),
(3, 60004140033, 'P'),
(3, 60004140034, 'P'),
(3, 60004140035, 'A'),
(3, 60004140036, 'P'),
(3, 60004140037, 'P'),
(3, 60004140038, 'A'),
(3, 60004140039, 'P'),
(3, 60004140040, 'P'),
(3, 60004140041, 'P'),
(3, 60004140042, 'A'),
(3, 60004140043, 'P'),
(3, 60004140044, 'P'),
(3, 60004140045, 'P'),
(3, 60004140046, 'P'),
(3, 60004140047, 'P'),
(3, 60004140048, 'P'),
(3, 60004140049, 'P'),
(3, 60004140050, 'P'),
(3, 60004140051, 'P'),
(3, 60004140052, 'P'),
(3, 60004140053, 'P'),
(3, 60004140054, 'P'),
(3, 60004140055, 'P'),
(3, 60004140056, 'P'),
(3, 60004140057, 'P'),
(3, 60004140058, 'P'),
(3, 60004140059, 'A'),
(3, 60004140060, 'A'),
(4, 60004140061, 'P'),
(4, 60004140062, 'P'),
(4, 60004140063, 'P'),
(4, 60004140064, 'P'),
(4, 60004140065, 'P'),
(4, 60004140066, 'P'),
(4, 60004140067, 'P'),
(4, 60004140068, 'P'),
(4, 60004140069, 'P'),
(4, 60004140070, 'P'),
(4, 60004140071, 'P'),
(4, 60004140072, 'P'),
(4, 60004140073, 'P'),
(4, 60004140074, 'P'),
(4, 60004140075, 'P'),
(4, 60004140076, 'P'),
(4, 60004140077, 'P'),
(4, 60004140078, 'P'),
(4, 60004140079, 'P'),
(4, 60004140080, 'P'),
(4, 60004140081, 'P'),
(4, 60004140082, 'P'),
(4, 60004140083, 'P'),
(4, 60004140084, 'P'),
(4, 60004140085, 'P'),
(4, 60004140086, 'A'),
(4, 60004140087, 'P'),
(4, 60004140088, 'P'),
(4, 60004140089, 'P'),
(4, 60004140090, 'P'),
(4, 60004140091, 'A'),
(4, 60004140092, 'P'),
(4, 60004140093, 'P'),
(4, 60004140094, 'P'),
(4, 60004140095, 'P'),
(4, 60004140096, 'P'),
(4, 60004140097, 'P'),
(4, 60004140098, 'A'),
(4, 60004140099, 'P'),
(4, 60004140100, 'P'),
(4, 60004140101, 'P'),
(4, 60004140102, 'P'),
(4, 60004140103, 'P'),
(4, 60004140104, 'P'),
(4, 60004140105, 'P'),
(4, 60004140106, 'P'),
(4, 60004140107, 'A'),
(4, 60004140108, 'P'),
(4, 60004140109, 'P'),
(4, 60004140110, 'P'),
(4, 60004140111, 'P'),
(4, 60004140112, 'P'),
(4, 60004140113, 'A'),
(4, 60004140114, 'P'),
(4, 60004140115, 'P'),
(4, 60004140116, 'P'),
(4, 60004140117, 'P'),
(4, 60004140118, 'P'),
(4, 60004140119, 'A'),
(4, 60004140120, 'P'),
(5, 60004140001, 'P'),
(5, 60004140002, 'P'),
(5, 60004140003, 'P'),
(5, 60004140004, 'P'),
(5, 60004140005, 'P'),
(5, 60004140006, 'P'),
(5, 60004140007, 'P'),
(5, 60004140008, 'P'),
(5, 60004140009, 'P'),
(5, 60004140010, 'P'),
(5, 60004140011, 'P'),
(5, 60004140012, 'P'),
(5, 60004140013, 'P'),
(5, 60004140014, 'P'),
(5, 60004140015, 'P'),
(5, 60004140016, 'P'),
(5, 60004140017, 'P'),
(5, 60004140018, 'P'),
(5, 60004140019, 'P'),
(5, 60004140020, 'P'),
(5, 60004140021, 'P'),
(5, 60004140022, 'P'),
(5, 60004140023, 'A'),
(5, 60004140024, 'P'),
(5, 60004140025, 'P'),
(5, 60004140026, 'A'),
(5, 60004140027, 'P'),
(5, 60004140028, 'P'),
(5, 60004140029, 'P'),
(5, 60004140030, 'P'),
(5, 60004140031, 'A'),
(5, 60004140032, 'P'),
(5, 60004140033, 'A'),
(5, 60004140034, 'A'),
(5, 60004140035, 'P'),
(5, 60004140036, 'P'),
(5, 60004140037, 'P'),
(5, 60004140038, 'P'),
(5, 60004140039, 'P'),
(5, 60004140040, 'A'),
(5, 60004140041, 'P'),
(5, 60004140042, 'A'),
(5, 60004140043, 'P'),
(5, 60004140044, 'P'),
(5, 60004140045, 'P'),
(5, 60004140046, 'P'),
(5, 60004140047, 'P'),
(5, 60004140048, 'P'),
(5, 60004140049, 'P'),
(5, 60004140050, 'P'),
(5, 60004140051, 'A'),
(5, 60004140052, 'P'),
(5, 60004140053, 'P'),
(5, 60004140054, 'A'),
(5, 60004140055, 'P'),
(5, 60004140056, 'P'),
(5, 60004140057, 'P'),
(5, 60004140058, 'A'),
(5, 60004140059, 'P'),
(5, 60004140060, 'P'),
(6, 60004140001, 'P'),
(6, 60004140002, 'P'),
(6, 60004140003, 'P'),
(6, 60004140004, 'P'),
(6, 60004140005, 'P'),
(6, 60004140006, 'P'),
(6, 60004140007, 'P'),
(6, 60004140008, 'P'),
(6, 60004140009, 'P'),
(6, 60004140010, 'P'),
(6, 60004140011, 'P'),
(6, 60004140012, 'A'),
(6, 60004140013, 'P'),
(6, 60004140014, 'P'),
(6, 60004140015, 'P'),
(6, 60004140016, 'P'),
(6, 60004140017, 'P'),
(6, 60004140018, 'P'),
(6, 60004140019, 'P'),
(6, 60004140020, 'A'),
(6, 60004140021, 'P'),
(6, 60004140022, 'A'),
(6, 60004140023, 'P'),
(6, 60004140024, 'P'),
(6, 60004140025, 'P'),
(6, 60004140026, 'P'),
(6, 60004140027, 'A'),
(6, 60004140028, 'P'),
(6, 60004140029, 'P'),
(6, 60004140030, 'P'),
(6, 60004140031, 'P'),
(6, 60004140032, 'P'),
(6, 60004140033, 'P'),
(6, 60004140034, 'A'),
(6, 60004140035, 'P'),
(6, 60004140036, 'P'),
(6, 60004140037, 'P'),
(6, 60004140038, 'P'),
(6, 60004140039, 'P'),
(6, 60004140040, 'A'),
(6, 60004140041, 'P'),
(6, 60004140042, 'P'),
(6, 60004140043, 'P'),
(6, 60004140044, 'P'),
(6, 60004140045, 'P'),
(6, 60004140046, 'A'),
(6, 60004140047, 'P'),
(6, 60004140048, 'P'),
(6, 60004140049, 'P'),
(6, 60004140050, 'P'),
(6, 60004140051, 'P'),
(6, 60004140052, 'P'),
(6, 60004140053, 'P'),
(6, 60004140054, 'P'),
(6, 60004140055, 'P'),
(6, 60004140056, 'P'),
(6, 60004140057, 'P'),
(6, 60004140058, 'P'),
(6, 60004140059, 'P'),
(6, 60004140060, 'A'),
(7, 60004140001, 'P'),
(7, 60004140002, 'P'),
(7, 60004140003, 'P'),
(7, 60004140004, 'P'),
(7, 60004140005, 'P'),
(7, 60004140006, 'P'),
(7, 60004140007, 'P'),
(7, 60004140008, 'P'),
(7, 60004140009, 'P'),
(7, 60004140010, 'P'),
(7, 60004140011, 'P'),
(7, 60004140012, 'P'),
(7, 60004140013, 'P'),
(7, 60004140014, 'P'),
(7, 60004140015, 'P'),
(7, 60004140016, 'P'),
(7, 60004140017, 'P'),
(7, 60004140018, 'A'),
(7, 60004140019, 'A'),
(7, 60004140020, 'P'),
(7, 60004140021, 'P'),
(7, 60004140022, 'P'),
(7, 60004140023, 'P'),
(7, 60004140024, 'P'),
(7, 60004140025, 'P'),
(7, 60004140026, 'P'),
(7, 60004140027, 'P'),
(7, 60004140028, 'P'),
(7, 60004140029, 'P'),
(7, 60004140030, 'A'),
(7, 60004140031, 'P'),
(7, 60004140032, 'P'),
(7, 60004140033, 'A'),
(7, 60004140034, 'P'),
(7, 60004140035, 'P'),
(7, 60004140036, 'P'),
(7, 60004140037, 'P'),
(7, 60004140038, 'P'),
(7, 60004140039, 'A'),
(7, 60004140040, 'P'),
(7, 60004140041, 'P'),
(7, 60004140042, 'P'),
(7, 60004140043, 'A'),
(7, 60004140044, 'P'),
(7, 60004140045, 'P'),
(7, 60004140046, 'P'),
(7, 60004140047, 'A'),
(7, 60004140048, 'P'),
(7, 60004140049, 'P'),
(7, 60004140050, 'P'),
(7, 60004140051, 'P'),
(7, 60004140052, 'P'),
(7, 60004140053, 'P'),
(7, 60004140054, 'P'),
(7, 60004140055, 'P'),
(7, 60004140056, 'P'),
(7, 60004140057, 'P'),
(7, 60004140058, 'P'),
(7, 60004140059, 'P'),
(7, 60004140060, 'A'),
(8, 60004140001, 'P'),
(8, 60004140002, 'P'),
(8, 60004140003, 'P'),
(8, 60004140004, 'P'),
(8, 60004140005, 'P'),
(8, 60004140006, 'P'),
(8, 60004140007, 'P'),
(8, 60004140008, 'P'),
(8, 60004140009, 'P'),
(8, 60004140010, 'P'),
(8, 60004140011, 'P'),
(8, 60004140012, 'P'),
(8, 60004140013, 'P'),
(8, 60004140014, 'P'),
(8, 60004140015, 'P'),
(8, 60004140016, 'P'),
(8, 60004140017, 'P'),
(8, 60004140018, 'P'),
(8, 60004140019, 'A'),
(8, 60004140020, 'P'),
(8, 60004140021, 'P'),
(8, 60004140022, 'A'),
(8, 60004140023, 'P'),
(8, 60004140024, 'P'),
(8, 60004140025, 'P'),
(8, 60004140026, 'P'),
(8, 60004140027, 'P'),
(8, 60004140028, 'P'),
(8, 60004140029, 'P'),
(8, 60004140030, 'P'),
(8, 60004140031, 'A'),
(8, 60004140032, 'P'),
(8, 60004140033, 'P'),
(8, 60004140034, 'P'),
(8, 60004140035, 'P'),
(8, 60004140036, 'P'),
(8, 60004140037, 'P'),
(8, 60004140038, 'A'),
(8, 60004140039, 'P'),
(8, 60004140040, 'P'),
(8, 60004140041, 'P'),
(8, 60004140042, 'P'),
(8, 60004140043, 'P'),
(8, 60004140044, 'P'),
(8, 60004140045, 'P'),
(8, 60004140046, 'P'),
(8, 60004140047, 'A'),
(8, 60004140048, 'P'),
(8, 60004140049, 'A'),
(8, 60004140050, 'P'),
(8, 60004140051, 'P'),
(8, 60004140052, 'P'),
(8, 60004140053, 'P'),
(8, 60004140054, 'P'),
(8, 60004140055, 'P'),
(8, 60004140056, 'P'),
(8, 60004140057, 'P'),
(8, 60004140058, 'A'),
(8, 60004140059, 'P'),
(8, 60004140060, 'P'),
(9, 60004140001, 'P'),
(9, 60004140002, 'P'),
(9, 60004140003, 'P'),
(9, 60004140004, 'P'),
(9, 60004140005, 'P'),
(9, 60004140006, 'P'),
(9, 60004140007, 'P'),
(9, 60004140008, 'P'),
(9, 60004140009, 'A'),
(9, 60004140010, 'P'),
(9, 60004140011, 'P'),
(9, 60004140012, 'P'),
(9, 60004140013, 'P'),
(9, 60004140014, 'A'),
(9, 60004140015, 'P'),
(9, 60004140016, 'P'),
(9, 60004140017, 'P'),
(9, 60004140018, 'P'),
(9, 60004140019, 'P'),
(9, 60004140020, 'P'),
(9, 60004140021, 'P'),
(9, 60004140022, 'P'),
(9, 60004140023, 'A'),
(9, 60004140024, 'P'),
(9, 60004140025, 'P'),
(9, 60004140026, 'A'),
(9, 60004140027, 'P'),
(9, 60004140028, 'P'),
(9, 60004140029, 'P'),
(9, 60004140030, 'A'),
(9, 60004140031, 'A'),
(9, 60004140032, 'P'),
(9, 60004140033, 'P'),
(9, 60004140034, 'A'),
(9, 60004140035, 'P'),
(9, 60004140036, 'P'),
(9, 60004140037, 'P'),
(9, 60004140038, 'A'),
(9, 60004140039, 'P'),
(9, 60004140040, 'P'),
(9, 60004140041, 'P'),
(9, 60004140042, 'P'),
(9, 60004140043, 'P'),
(9, 60004140044, 'P'),
(9, 60004140045, 'P'),
(9, 60004140046, 'P'),
(9, 60004140047, 'P'),
(9, 60004140048, 'P'),
(9, 60004140049, 'P'),
(9, 60004140050, 'A'),
(9, 60004140051, 'P'),
(9, 60004140052, 'P'),
(9, 60004140053, 'P'),
(9, 60004140054, 'P'),
(9, 60004140055, 'A'),
(9, 60004140056, 'P'),
(9, 60004140057, 'P'),
(9, 60004140058, 'P'),
(9, 60004140059, 'P'),
(9, 60004140060, 'P'),
(10, 60004140001, 'P'),
(10, 60004140002, 'P'),
(10, 60004140003, 'P'),
(10, 60004140004, 'A'),
(10, 60004140005, 'P'),
(10, 60004140006, 'P'),
(10, 60004140007, 'A'),
(10, 60004140008, 'P'),
(10, 60004140009, 'P'),
(10, 60004140010, 'P'),
(10, 60004140011, 'P'),
(10, 60004140012, 'P'),
(10, 60004140013, 'P'),
(10, 60004140014, 'P'),
(10, 60004140015, 'P'),
(10, 60004140016, 'A'),
(10, 60004140017, 'P'),
(10, 60004140018, 'A'),
(10, 60004140019, 'P'),
(10, 60004140020, 'P'),
(10, 60004140021, 'P'),
(10, 60004140022, 'P'),
(10, 60004140023, 'A'),
(10, 60004140024, 'A'),
(10, 60004140025, 'P'),
(10, 60004140026, 'P'),
(10, 60004140027, 'A'),
(10, 60004140028, 'P'),
(10, 60004140029, 'P'),
(10, 60004140030, 'A'),
(10, 60004140031, 'P'),
(10, 60004140032, 'P'),
(10, 60004140033, 'A'),
(10, 60004140034, 'P'),
(10, 60004140035, 'P'),
(10, 60004140036, 'P'),
(10, 60004140037, 'P'),
(10, 60004140038, 'A'),
(10, 60004140039, 'P'),
(10, 60004140040, 'P'),
(10, 60004140041, 'P'),
(10, 60004140042, 'P'),
(10, 60004140043, 'P'),
(10, 60004140044, 'A'),
(10, 60004140045, 'P'),
(10, 60004140046, 'A'),
(10, 60004140047, 'P'),
(10, 60004140048, 'P'),
(10, 60004140049, 'P'),
(10, 60004140050, 'P'),
(10, 60004140051, 'A'),
(10, 60004140052, 'P'),
(10, 60004140053, 'P'),
(10, 60004140054, 'A'),
(10, 60004140055, 'P'),
(10, 60004140056, 'P'),
(10, 60004140057, 'P'),
(10, 60004140058, 'P'),
(10, 60004140059, 'P'),
(10, 60004140060, 'A'),
(11, 60004140001, 'P'),
(11, 60004140002, 'P'),
(11, 60004140003, 'P'),
(11, 60004140004, 'P'),
(11, 60004140005, 'P'),
(11, 60004140006, 'P'),
(11, 60004140007, 'P'),
(11, 60004140008, 'P'),
(11, 60004140009, 'P'),
(11, 60004140010, 'P'),
(11, 60004140011, 'P'),
(11, 60004140012, 'P'),
(11, 60004140013, 'P'),
(11, 60004140014, 'P'),
(11, 60004140015, 'P'),
(11, 60004140016, 'P'),
(11, 60004140017, 'P'),
(11, 60004140018, 'P'),
(11, 60004140019, 'P'),
(11, 60004140020, 'P'),
(11, 60004140021, 'P'),
(11, 60004140022, 'P'),
(11, 60004140023, 'P'),
(11, 60004140024, 'P'),
(11, 60004140025, 'P'),
(11, 60004140026, 'P'),
(11, 60004140027, 'P'),
(11, 60004140028, 'P'),
(11, 60004140029, 'P'),
(11, 60004140030, 'P'),
(11, 60004140031, 'P'),
(11, 60004140032, 'P'),
(11, 60004140033, 'P'),
(11, 60004140034, 'P'),
(11, 60004140035, 'P'),
(11, 60004140036, 'P'),
(11, 60004140037, 'P'),
(11, 60004140038, 'P'),
(11, 60004140039, 'P'),
(11, 60004140040, 'P'),
(11, 60004140041, 'P'),
(11, 60004140042, 'P'),
(11, 60004140043, 'P'),
(11, 60004140044, 'P'),
(11, 60004140045, 'P'),
(11, 60004140046, 'P'),
(11, 60004140047, 'P'),
(11, 60004140048, 'P'),
(11, 60004140049, 'P'),
(11, 60004140050, 'P'),
(11, 60004140051, 'P'),
(11, 60004140052, 'P'),
(11, 60004140053, 'P'),
(11, 60004140054, 'P'),
(11, 60004140055, 'P'),
(11, 60004140056, 'P'),
(11, 60004140057, 'P'),
(11, 60004140058, 'P'),
(11, 60004140059, 'P'),
(11, 60004140060, 'P'),
(12, 60004140001, 'P'),
(12, 60004140002, 'P'),
(12, 60004140003, 'P'),
(12, 60004140004, 'A'),
(12, 60004140005, 'P'),
(12, 60004140006, 'P'),
(12, 60004140007, 'A'),
(12, 60004140008, 'P'),
(12, 60004140009, 'P'),
(12, 60004140010, 'P'),
(12, 60004140011, 'P'),
(12, 60004140012, 'A'),
(12, 60004140013, 'P'),
(12, 60004140014, 'P'),
(12, 60004140015, 'P'),
(12, 60004140016, 'P'),
(12, 60004140017, 'P'),
(12, 60004140018, 'P'),
(12, 60004140019, 'A'),
(12, 60004140020, 'P'),
(12, 60004140021, 'P'),
(12, 60004140022, 'A'),
(12, 60004140023, 'P'),
(12, 60004140024, 'P'),
(12, 60004140025, 'P'),
(12, 60004140026, 'P'),
(12, 60004140027, 'A'),
(12, 60004140028, 'A'),
(12, 60004140029, 'P'),
(12, 60004140030, 'P'),
(12, 60004140031, 'P'),
(12, 60004140032, 'A'),
(12, 60004140033, 'A'),
(12, 60004140034, 'P'),
(12, 60004140035, 'P'),
(12, 60004140036, 'P'),
(12, 60004140037, 'P'),
(12, 60004140038, 'P'),
(12, 60004140039, 'A'),
(12, 60004140040, 'P'),
(12, 60004140041, 'P'),
(12, 60004140042, 'A'),
(12, 60004140043, 'P'),
(12, 60004140044, 'P'),
(12, 60004140045, 'P'),
(12, 60004140046, 'P'),
(12, 60004140047, 'A'),
(12, 60004140048, 'P'),
(12, 60004140049, 'P'),
(12, 60004140050, 'A'),
(12, 60004140051, 'P'),
(12, 60004140052, 'P'),
(12, 60004140053, 'P'),
(12, 60004140054, 'P'),
(12, 60004140055, 'A'),
(12, 60004140056, 'P'),
(12, 60004140057, 'A'),
(12, 60004140058, 'P'),
(12, 60004140059, 'P'),
(12, 60004140060, 'A'),
(13, 60004140001, 'P'),
(13, 60004140002, 'P'),
(13, 60004140003, 'P'),
(13, 60004140004, 'P'),
(13, 60004140005, 'P'),
(13, 60004140006, 'P'),
(13, 60004140007, 'P'),
(13, 60004140008, 'P'),
(13, 60004140009, 'P'),
(13, 60004140010, 'P'),
(13, 60004140011, 'P'),
(13, 60004140012, 'P'),
(13, 60004140013, 'P'),
(13, 60004140014, 'P'),
(13, 60004140015, 'P'),
(13, 60004140016, 'P'),
(13, 60004140017, 'P'),
(13, 60004140018, 'P'),
(13, 60004140019, 'P'),
(13, 60004140020, 'P'),
(13, 60004140021, 'P'),
(13, 60004140022, 'P'),
(13, 60004140023, 'P'),
(13, 60004140024, 'P'),
(13, 60004140025, 'P'),
(13, 60004140026, 'P'),
(13, 60004140027, 'P'),
(13, 60004140028, 'P'),
(13, 60004140029, 'P'),
(13, 60004140030, 'P'),
(13, 60004140031, 'P'),
(13, 60004140032, 'P'),
(13, 60004140033, 'P'),
(13, 60004140034, 'P'),
(13, 60004140035, 'P'),
(13, 60004140036, 'P'),
(13, 60004140037, 'P'),
(13, 60004140038, 'P'),
(13, 60004140039, 'P'),
(13, 60004140040, 'P'),
(13, 60004140041, 'P'),
(13, 60004140042, 'P'),
(13, 60004140043, 'P'),
(13, 60004140044, 'P'),
(13, 60004140045, 'P'),
(13, 60004140046, 'P'),
(13, 60004140047, 'P'),
(13, 60004140048, 'P'),
(13, 60004140049, 'P'),
(13, 60004140050, 'P'),
(13, 60004140051, 'P'),
(13, 60004140052, 'P'),
(13, 60004140053, 'P'),
(13, 60004140054, 'P'),
(13, 60004140055, 'P'),
(13, 60004140056, 'P'),
(13, 60004140057, 'P'),
(13, 60004140058, 'P'),
(13, 60004140059, 'P'),
(13, 60004140060, 'P'),
(14, 60004140001, 'P'),
(14, 60004140002, 'P'),
(14, 60004140003, 'P'),
(14, 60004140004, 'P'),
(14, 60004140005, 'P'),
(14, 60004140006, 'P'),
(14, 60004140007, 'P'),
(14, 60004140008, 'A'),
(14, 60004140009, 'P'),
(14, 60004140010, 'A'),
(14, 60004140011, 'P'),
(14, 60004140012, 'P'),
(14, 60004140013, 'P'),
(14, 60004140014, 'P'),
(14, 60004140015, 'A'),
(14, 60004140016, 'P'),
(14, 60004140017, 'P'),
(14, 60004140018, 'P'),
(14, 60004140019, 'P'),
(14, 60004140020, 'P'),
(14, 60004140021, 'P'),
(14, 60004140022, 'P'),
(14, 60004140023, 'P'),
(14, 60004140024, 'A'),
(14, 60004140025, 'P'),
(14, 60004140026, 'P'),
(14, 60004140027, 'P'),
(14, 60004140028, 'P'),
(14, 60004140029, 'P'),
(14, 60004140030, 'P'),
(14, 60004140031, 'P'),
(14, 60004140032, 'P'),
(14, 60004140033, 'P'),
(14, 60004140034, 'A'),
(14, 60004140035, 'A'),
(14, 60004140036, 'P'),
(14, 60004140037, 'P'),
(14, 60004140038, 'A'),
(14, 60004140039, 'P'),
(14, 60004140040, 'P'),
(14, 60004140041, 'P'),
(14, 60004140042, 'P'),
(14, 60004140043, 'P'),
(14, 60004140044, 'P'),
(14, 60004140045, 'P'),
(14, 60004140046, 'P'),
(14, 60004140047, 'P'),
(14, 60004140048, 'P'),
(14, 60004140049, 'P'),
(14, 60004140050, 'P'),
(14, 60004140051, 'P'),
(14, 60004140052, 'P'),
(14, 60004140053, 'P'),
(14, 60004140054, 'P'),
(14, 60004140055, 'P'),
(14, 60004140056, 'P'),
(14, 60004140057, 'P'),
(14, 60004140058, 'P'),
(14, 60004140059, 'P'),
(14, 60004140060, 'A'),
(15, 60004140001, 'A'),
(15, 60004140002, 'P'),
(15, 60004140003, 'P'),
(15, 60004140004, 'A'),
(15, 60004140005, 'P'),
(15, 60004140006, 'A'),
(15, 60004140007, 'P'),
(15, 60004140008, 'P'),
(15, 60004140009, 'A'),
(15, 60004140010, 'P'),
(15, 60004140011, 'P'),
(15, 60004140012, 'A'),
(15, 60004140013, 'P'),
(15, 60004140014, 'A'),
(15, 60004140015, 'P'),
(15, 60004140016, 'P'),
(15, 60004140017, 'A'),
(15, 60004140018, 'P'),
(15, 60004140019, 'A'),
(15, 60004140020, 'P'),
(15, 60004140021, 'A'),
(15, 60004140022, 'P'),
(15, 60004140023, 'P'),
(15, 60004140024, 'P'),
(15, 60004140025, 'P'),
(15, 60004140026, 'A'),
(15, 60004140027, 'P'),
(15, 60004140028, 'P'),
(15, 60004140029, 'P'),
(15, 60004140030, 'P'),
(15, 60004140031, 'P'),
(15, 60004140032, 'A'),
(15, 60004140033, 'P'),
(15, 60004140034, 'P'),
(15, 60004140035, 'P'),
(15, 60004140036, 'P'),
(15, 60004140037, 'A'),
(15, 60004140038, 'P'),
(15, 60004140039, 'P'),
(15, 60004140040, 'P'),
(15, 60004140041, 'P'),
(15, 60004140042, 'P'),
(15, 60004140043, 'P'),
(15, 60004140044, 'P'),
(15, 60004140045, 'P'),
(15, 60004140046, 'P'),
(15, 60004140047, 'A'),
(15, 60004140048, 'P'),
(15, 60004140049, 'P'),
(15, 60004140050, 'A'),
(15, 60004140051, 'P'),
(15, 60004140052, 'P'),
(15, 60004140053, 'P'),
(15, 60004140054, 'P'),
(15, 60004140055, 'P'),
(15, 60004140056, 'A'),
(15, 60004140057, 'P'),
(15, 60004140058, 'P'),
(15, 60004140059, 'P'),
(15, 60004140060, 'P'),
(16, 60004140001, 'P'),
(16, 60004140002, 'P'),
(16, 60004140003, 'P'),
(16, 60004140004, 'P'),
(16, 60004140005, 'P'),
(16, 60004140006, 'A'),
(16, 60004140007, 'P'),
(16, 60004140008, 'P'),
(16, 60004140009, 'P'),
(16, 60004140010, 'P'),
(16, 60004140011, 'P'),
(16, 60004140012, 'P'),
(16, 60004140013, 'P'),
(16, 60004140014, 'P'),
(16, 60004140015, 'P'),
(16, 60004140016, 'P'),
(16, 60004140017, 'P'),
(16, 60004140018, 'P'),
(16, 60004140019, 'A'),
(16, 60004140020, 'P'),
(16, 60004140021, 'P'),
(16, 60004140022, 'P'),
(16, 60004140023, 'P'),
(16, 60004140024, 'P'),
(16, 60004140025, 'P'),
(16, 60004140026, 'A'),
(16, 60004140027, 'P'),
(16, 60004140028, 'P'),
(16, 60004140029, 'P'),
(16, 60004140030, 'P'),
(16, 60004140031, 'P'),
(16, 60004140032, 'P'),
(16, 60004140033, 'P'),
(16, 60004140034, 'P'),
(16, 60004140035, 'P'),
(16, 60004140036, 'A'),
(16, 60004140037, 'P'),
(16, 60004140038, 'P'),
(16, 60004140039, 'P'),
(16, 60004140040, 'P'),
(16, 60004140041, 'P'),
(16, 60004140042, 'P'),
(16, 60004140043, 'P'),
(16, 60004140044, 'P'),
(16, 60004140045, 'P'),
(16, 60004140046, 'P'),
(16, 60004140047, 'P'),
(16, 60004140048, 'P'),
(16, 60004140049, 'P'),
(16, 60004140050, 'P'),
(16, 60004140051, 'P'),
(16, 60004140052, 'P'),
(16, 60004140053, 'P'),
(16, 60004140054, 'P'),
(16, 60004140055, 'P'),
(16, 60004140056, 'P'),
(16, 60004140057, 'P'),
(16, 60004140058, 'P'),
(16, 60004140059, 'P'),
(16, 60004140060, 'P'),
(17, 60004140001, 'P'),
(17, 60004140002, 'P'),
(17, 60004140003, 'P'),
(17, 60004140004, 'P'),
(17, 60004140005, 'P'),
(17, 60004140006, 'P'),
(17, 60004140007, 'A'),
(17, 60004140008, 'P'),
(17, 60004140009, 'P'),
(17, 60004140010, 'P'),
(17, 60004140011, 'A'),
(17, 60004140012, 'P'),
(17, 60004140013, 'P'),
(17, 60004140014, 'P'),
(17, 60004140015, 'P'),
(17, 60004140016, 'P'),
(17, 60004140017, 'P'),
(17, 60004140018, 'A'),
(17, 60004140019, 'P'),
(17, 60004140020, 'P'),
(17, 60004140021, 'P'),
(17, 60004140022, 'A'),
(17, 60004140023, 'P'),
(17, 60004140024, 'P'),
(17, 60004140025, 'P'),
(17, 60004140026, 'P'),
(17, 60004140027, 'P'),
(17, 60004140028, 'P'),
(17, 60004140029, 'P'),
(17, 60004140030, 'P'),
(17, 60004140031, 'A'),
(17, 60004140032, 'P'),
(17, 60004140033, 'P'),
(17, 60004140034, 'P'),
(17, 60004140035, 'P'),
(17, 60004140036, 'P'),
(17, 60004140037, 'P'),
(17, 60004140038, 'A'),
(17, 60004140039, 'P'),
(17, 60004140040, 'P'),
(17, 60004140041, 'P'),
(17, 60004140042, 'P'),
(17, 60004140043, 'P'),
(17, 60004140044, 'P'),
(17, 60004140045, 'P'),
(17, 60004140046, 'P'),
(17, 60004140047, 'P'),
(17, 60004140048, 'P'),
(17, 60004140049, 'P'),
(17, 60004140050, 'P'),
(17, 60004140051, 'P'),
(17, 60004140052, 'P'),
(17, 60004140053, 'P'),
(17, 60004140054, 'P'),
(17, 60004140055, 'A'),
(17, 60004140056, 'P'),
(17, 60004140057, 'P'),
(17, 60004140058, 'P'),
(17, 60004140059, 'P'),
(17, 60004140060, 'P'),
(18, 60004140001, 'P'),
(18, 60004140002, 'A'),
(18, 60004140003, 'P'),
(18, 60004140004, 'P'),
(18, 60004140005, 'P'),
(18, 60004140006, 'P'),
(18, 60004140007, 'P'),
(18, 60004140008, 'P'),
(18, 60004140009, 'P'),
(18, 60004140010, 'P'),
(18, 60004140011, 'A'),
(18, 60004140012, 'P'),
(18, 60004140013, 'P'),
(18, 60004140014, 'P'),
(18, 60004140015, 'P'),
(18, 60004140016, 'P'),
(18, 60004140017, 'A'),
(18, 60004140018, 'P'),
(18, 60004140019, 'A'),
(18, 60004140020, 'P'),
(18, 60004140021, 'P'),
(18, 60004140022, 'P'),
(18, 60004140023, 'P'),
(18, 60004140024, 'P'),
(18, 60004140025, 'P'),
(18, 60004140026, 'P'),
(18, 60004140027, 'P'),
(18, 60004140028, 'P'),
(18, 60004140029, 'P'),
(18, 60004140030, 'P'),
(18, 60004140031, 'P'),
(18, 60004140032, 'P'),
(18, 60004140033, 'P'),
(18, 60004140034, 'A'),
(18, 60004140035, 'P'),
(18, 60004140036, 'P'),
(18, 60004140037, 'P'),
(18, 60004140038, 'P'),
(18, 60004140039, 'A'),
(18, 60004140040, 'P'),
(18, 60004140041, 'P'),
(18, 60004140042, 'P'),
(18, 60004140043, 'P'),
(18, 60004140044, 'P'),
(18, 60004140045, 'P'),
(18, 60004140046, 'P'),
(18, 60004140047, 'P'),
(18, 60004140048, 'P'),
(18, 60004140049, 'P'),
(18, 60004140050, 'P'),
(18, 60004140051, 'P'),
(18, 60004140052, 'P'),
(18, 60004140053, 'P'),
(18, 60004140054, 'P'),
(18, 60004140055, 'P'),
(18, 60004140056, 'P'),
(18, 60004140057, 'P'),
(18, 60004140058, 'P'),
(18, 60004140059, 'P'),
(18, 60004140060, 'P'),
(19, 60004140001, 'P'),
(19, 60004140002, 'P'),
(19, 60004140003, 'A'),
(19, 60004140004, 'P'),
(19, 60004140005, 'P'),
(19, 60004140006, 'P'),
(19, 60004140007, 'P'),
(19, 60004140008, 'P'),
(19, 60004140009, 'P'),
(19, 60004140010, 'A'),
(19, 60004140011, 'P'),
(19, 60004140012, 'P'),
(19, 60004140013, 'P'),
(19, 60004140014, 'P'),
(19, 60004140015, 'P'),
(19, 60004140016, 'P'),
(19, 60004140017, 'A'),
(19, 60004140018, 'P'),
(19, 60004140019, 'P'),
(19, 60004140020, 'P'),
(19, 60004140021, 'P'),
(19, 60004140022, 'P'),
(19, 60004140023, 'A'),
(19, 60004140024, 'P'),
(19, 60004140025, 'A'),
(19, 60004140026, 'P'),
(19, 60004140027, 'P'),
(19, 60004140028, 'P'),
(19, 60004140029, 'P'),
(19, 60004140030, 'P'),
(19, 60004140031, 'P'),
(19, 60004140032, 'P'),
(19, 60004140033, 'P'),
(19, 60004140034, 'A'),
(19, 60004140035, 'P'),
(19, 60004140036, 'A'),
(19, 60004140037, 'P'),
(19, 60004140038, 'P'),
(19, 60004140039, 'P'),
(19, 60004140040, 'P'),
(19, 60004140041, 'P'),
(19, 60004140042, 'P'),
(19, 60004140043, 'P'),
(19, 60004140044, 'A'),
(19, 60004140045, 'P'),
(19, 60004140046, 'A'),
(19, 60004140047, 'P'),
(19, 60004140048, 'A'),
(19, 60004140049, 'P'),
(19, 60004140050, 'P'),
(19, 60004140051, 'P'),
(19, 60004140052, 'P'),
(19, 60004140053, 'P'),
(19, 60004140054, 'A'),
(19, 60004140055, 'P'),
(19, 60004140056, 'P'),
(19, 60004140057, 'P'),
(19, 60004140058, 'P'),
(19, 60004140059, 'A'),
(19, 60004140060, 'P'),
(20, 60004140001, 'P'),
(20, 60004140002, 'P'),
(20, 60004140003, 'P'),
(20, 60004140004, 'P'),
(20, 60004140005, 'P'),
(20, 60004140006, 'P'),
(20, 60004140007, 'P'),
(20, 60004140008, 'P'),
(20, 60004140009, 'P'),
(20, 60004140010, 'A'),
(20, 60004140011, 'P'),
(20, 60004140012, 'P'),
(20, 60004140013, 'P'),
(20, 60004140014, 'P'),
(20, 60004140015, 'P'),
(20, 60004140016, 'P'),
(20, 60004140017, 'P'),
(20, 60004140018, 'P'),
(20, 60004140019, 'P'),
(20, 60004140020, 'P'),
(20, 60004140021, 'P'),
(20, 60004140022, 'A'),
(20, 60004140023, 'P'),
(20, 60004140024, 'P'),
(20, 60004140025, 'P'),
(20, 60004140026, 'P'),
(20, 60004140027, 'P'),
(20, 60004140028, 'P'),
(20, 60004140029, 'P'),
(20, 60004140030, 'P'),
(20, 60004140031, 'P'),
(20, 60004140032, 'A'),
(20, 60004140033, 'P'),
(20, 60004140034, 'P'),
(20, 60004140035, 'P'),
(20, 60004140036, 'P'),
(20, 60004140037, 'P'),
(20, 60004140038, 'A'),
(20, 60004140039, 'P'),
(20, 60004140040, 'P'),
(20, 60004140041, 'P'),
(20, 60004140042, 'P'),
(20, 60004140043, 'P'),
(20, 60004140044, 'P'),
(20, 60004140045, 'P'),
(20, 60004140046, 'P'),
(20, 60004140047, 'P'),
(20, 60004140048, 'A'),
(20, 60004140049, 'P'),
(20, 60004140050, 'P'),
(20, 60004140051, 'P'),
(20, 60004140052, 'P'),
(20, 60004140053, 'P'),
(20, 60004140054, 'A'),
(20, 60004140055, 'P'),
(20, 60004140056, 'P'),
(20, 60004140057, 'P'),
(20, 60004140058, 'P'),
(20, 60004140059, 'P'),
(20, 60004140060, 'A'),
(21, 60004140001, 'P'),
(21, 60004140002, 'A'),
(21, 60004140003, 'P'),
(21, 60004140004, 'P'),
(21, 60004140005, 'P'),
(21, 60004140006, 'P'),
(21, 60004140007, 'A'),
(21, 60004140008, 'P'),
(21, 60004140009, 'P'),
(21, 60004140010, 'P'),
(21, 60004140011, 'P'),
(21, 60004140012, 'P'),
(21, 60004140013, 'P'),
(21, 60004140014, 'P'),
(21, 60004140015, 'P'),
(21, 60004140016, 'A'),
(21, 60004140017, 'A'),
(21, 60004140018, 'P'),
(21, 60004140019, 'P'),
(21, 60004140020, 'P'),
(21, 60004140021, 'P'),
(21, 60004140022, 'P'),
(21, 60004140023, 'P'),
(21, 60004140024, 'P'),
(21, 60004140025, 'P'),
(21, 60004140026, 'P'),
(21, 60004140027, 'P'),
(21, 60004140028, 'P'),
(21, 60004140029, 'P'),
(21, 60004140030, 'A'),
(21, 60004140031, 'P'),
(21, 60004140032, 'P'),
(21, 60004140033, 'P'),
(21, 60004140034, 'P'),
(21, 60004140035, 'P'),
(21, 60004140036, 'A'),
(21, 60004140037, 'P'),
(21, 60004140038, 'P'),
(21, 60004140039, 'P'),
(21, 60004140040, 'P'),
(21, 60004140041, 'P'),
(21, 60004140042, 'P'),
(21, 60004140043, 'A'),
(21, 60004140044, 'P'),
(21, 60004140045, 'A'),
(21, 60004140046, 'P'),
(21, 60004140047, 'P'),
(21, 60004140048, 'P'),
(21, 60004140049, 'P'),
(21, 60004140050, 'P'),
(21, 60004140051, 'P'),
(21, 60004140052, 'P'),
(21, 60004140053, 'P'),
(21, 60004140054, 'P'),
(21, 60004140055, 'P'),
(21, 60004140056, 'A'),
(21, 60004140057, 'P'),
(21, 60004140058, 'A'),
(21, 60004140059, 'P'),
(21, 60004140060, 'P'),
(22, 60004140015, 'A'),
(22, 60004140022, 'A'),
(22, 60004140032, 'A'),
(22, 60004140038, 'A'),
(22, 60004140054, 'A'),
(22, 60004140056, 'A'),
(22, 60004140001, 'P'),
(22, 60004140002, 'P'),
(22, 60004140003, 'P'),
(22, 60004140004, 'P'),
(22, 60004140005, 'P'),
(22, 60004140006, 'P'),
(22, 60004140007, 'P'),
(22, 60004140008, 'P'),
(22, 60004140009, 'P'),
(22, 60004140010, 'P'),
(22, 60004140011, 'P'),
(22, 60004140012, 'P'),
(22, 60004140013, 'P'),
(22, 60004140014, 'P'),
(22, 60004140016, 'P'),
(22, 60004140017, 'P'),
(22, 60004140018, 'P'),
(22, 60004140019, 'P'),
(22, 60004140020, 'P'),
(22, 60004140021, 'P'),
(22, 60004140023, 'P'),
(22, 60004140024, 'P'),
(22, 60004140025, 'P'),
(22, 60004140026, 'P'),
(22, 60004140027, 'P'),
(22, 60004140028, 'P'),
(22, 60004140029, 'P'),
(22, 60004140030, 'P'),
(22, 60004140031, 'P'),
(22, 60004140033, 'P'),
(22, 60004140034, 'P'),
(22, 60004140035, 'P'),
(22, 60004140036, 'P'),
(22, 60004140037, 'P'),
(22, 60004140039, 'P'),
(22, 60004140040, 'P'),
(22, 60004140041, 'P'),
(22, 60004140042, 'P'),
(22, 60004140043, 'P'),
(22, 60004140044, 'P'),
(22, 60004140045, 'P'),
(22, 60004140046, 'P'),
(22, 60004140047, 'P'),
(22, 60004140048, 'P'),
(22, 60004140049, 'P'),
(22, 60004140050, 'P'),
(22, 60004140051, 'P'),
(22, 60004140052, 'P'),
(22, 60004140053, 'P'),
(22, 60004140055, 'P'),
(22, 60004140057, 'P'),
(22, 60004140058, 'P'),
(22, 60004140059, 'P'),
(22, 60004140060, 'P'),
(23, 60004140002, 'A'),
(23, 60004140011, 'A'),
(23, 60004140014, 'A'),
(23, 60004140019, 'A'),
(23, 60004140023, 'A'),
(23, 60004140031, 'A'),
(23, 60004140033, 'A'),
(23, 60004140043, 'A'),
(23, 60004140044, 'A'),
(23, 60004140052, 'A'),
(23, 60004140054, 'A'),
(23, 60004140059, 'A'),
(23, 60004140001, 'P'),
(23, 60004140003, 'P'),
(23, 60004140004, 'P'),
(23, 60004140005, 'P'),
(23, 60004140006, 'P'),
(23, 60004140007, 'P'),
(23, 60004140008, 'P'),
(23, 60004140009, 'P'),
(23, 60004140010, 'P'),
(23, 60004140012, 'P'),
(23, 60004140013, 'P'),
(23, 60004140015, 'P'),
(23, 60004140016, 'P'),
(23, 60004140017, 'P'),
(23, 60004140018, 'P'),
(23, 60004140020, 'P'),
(23, 60004140021, 'P'),
(23, 60004140022, 'P'),
(23, 60004140024, 'P'),
(23, 60004140025, 'P'),
(23, 60004140026, 'P'),
(23, 60004140027, 'P'),
(23, 60004140028, 'P'),
(23, 60004140029, 'P'),
(23, 60004140030, 'P'),
(23, 60004140032, 'P'),
(23, 60004140034, 'P'),
(23, 60004140035, 'P'),
(23, 60004140036, 'P'),
(23, 60004140037, 'P'),
(23, 60004140038, 'P'),
(23, 60004140039, 'P'),
(23, 60004140040, 'P'),
(23, 60004140041, 'P'),
(23, 60004140042, 'P'),
(23, 60004140045, 'P'),
(23, 60004140046, 'P'),
(23, 60004140047, 'P'),
(23, 60004140048, 'P'),
(23, 60004140049, 'P'),
(23, 60004140050, 'P'),
(23, 60004140051, 'P'),
(23, 60004140053, 'P'),
(23, 60004140055, 'P'),
(23, 60004140056, 'P'),
(23, 60004140057, 'P'),
(23, 60004140058, 'P'),
(23, 60004140060, 'P'),
(24, 60004140034, 'A'),
(24, 60004140001, 'P'),
(24, 60004140002, 'P'),
(24, 60004140003, 'P'),
(24, 60004140004, 'P'),
(24, 60004140005, 'P'),
(24, 60004140006, 'P'),
(24, 60004140007, 'P'),
(24, 60004140008, 'P'),
(24, 60004140009, 'P'),
(24, 60004140010, 'P'),
(24, 60004140011, 'P'),
(24, 60004140012, 'P'),
(24, 60004140013, 'P'),
(24, 60004140014, 'P'),
(24, 60004140015, 'P'),
(24, 60004140016, 'P'),
(24, 60004140017, 'P'),
(24, 60004140018, 'P'),
(24, 60004140019, 'P'),
(24, 60004140020, 'P'),
(24, 60004140021, 'P'),
(24, 60004140022, 'P'),
(24, 60004140023, 'P'),
(24, 60004140024, 'P'),
(24, 60004140025, 'P'),
(24, 60004140026, 'P'),
(24, 60004140027, 'P'),
(24, 60004140028, 'P'),
(24, 60004140029, 'P'),
(24, 60004140030, 'P'),
(24, 60004140031, 'P'),
(24, 60004140032, 'P'),
(24, 60004140033, 'P'),
(24, 60004140035, 'P'),
(24, 60004140036, 'P'),
(24, 60004140037, 'P'),
(24, 60004140038, 'P'),
(24, 60004140039, 'P'),
(24, 60004140040, 'P'),
(24, 60004140041, 'P'),
(24, 60004140042, 'P'),
(24, 60004140043, 'P'),
(24, 60004140044, 'P'),
(24, 60004140045, 'P'),
(24, 60004140046, 'P'),
(24, 60004140047, 'P'),
(24, 60004140048, 'P'),
(24, 60004140049, 'P'),
(24, 60004140050, 'P'),
(24, 60004140051, 'P'),
(24, 60004140052, 'P'),
(24, 60004140053, 'P'),
(24, 60004140054, 'P'),
(24, 60004140055, 'P'),
(24, 60004140056, 'P'),
(24, 60004140057, 'P'),
(24, 60004140058, 'P'),
(24, 60004140059, 'P'),
(24, 60004140060, 'P'),
(25, 60004140062, 'A'),
(25, 60004140071, 'A'),
(25, 60004140101, 'A'),
(25, 60004140115, 'A'),
(25, 60004140061, 'P'),
(25, 60004140063, 'P'),
(25, 60004140064, 'P'),
(25, 60004140065, 'P'),
(25, 60004140066, 'P'),
(25, 60004140067, 'P'),
(25, 60004140068, 'P'),
(25, 60004140069, 'P'),
(25, 60004140070, 'P'),
(25, 60004140072, 'P'),
(25, 60004140073, 'P'),
(25, 60004140074, 'P'),
(25, 60004140075, 'P'),
(25, 60004140076, 'P'),
(25, 60004140077, 'P'),
(25, 60004140078, 'P'),
(25, 60004140079, 'P'),
(25, 60004140080, 'P'),
(25, 60004140081, 'P'),
(25, 60004140082, 'P'),
(25, 60004140083, 'P'),
(25, 60004140084, 'P'),
(25, 60004140085, 'P'),
(25, 60004140086, 'P'),
(25, 60004140087, 'P'),
(25, 60004140088, 'P'),
(25, 60004140089, 'P'),
(25, 60004140090, 'P'),
(25, 60004140091, 'P'),
(25, 60004140092, 'P'),
(25, 60004140093, 'P'),
(25, 60004140094, 'P'),
(25, 60004140095, 'P'),
(25, 60004140096, 'P'),
(25, 60004140097, 'P'),
(25, 60004140098, 'P'),
(25, 60004140099, 'P'),
(25, 60004140100, 'P'),
(25, 60004140102, 'P'),
(25, 60004140103, 'P'),
(25, 60004140104, 'P'),
(25, 60004140105, 'P'),
(25, 60004140106, 'P'),
(25, 60004140107, 'P'),
(25, 60004140108, 'P'),
(25, 60004140109, 'P'),
(25, 60004140110, 'P'),
(25, 60004140111, 'P'),
(25, 60004140112, 'P'),
(25, 60004140113, 'P'),
(25, 60004140114, 'P'),
(25, 60004140116, 'P'),
(25, 60004140117, 'P'),
(25, 60004140118, 'P'),
(25, 60004140119, 'P'),
(25, 60004140120, 'P'),
(26, 60004140012, 'A'),
(26, 60004140019, 'A'),
(26, 60004140022, 'A'),
(26, 60004140030, 'A'),
(26, 60004140035, 'A'),
(26, 60004140043, 'A'),
(26, 60004140045, 'A'),
(26, 60004140052, 'A'),
(26, 60004140055, 'A'),
(26, 60004140058, 'A'),
(26, 60004140001, 'P'),
(26, 60004140002, 'P'),
(26, 60004140003, 'P'),
(26, 60004140004, 'P'),
(26, 60004140005, 'P'),
(26, 60004140006, 'P'),
(26, 60004140007, 'P'),
(26, 60004140008, 'P'),
(26, 60004140009, 'P'),
(26, 60004140010, 'P'),
(26, 60004140011, 'P'),
(26, 60004140013, 'P'),
(26, 60004140014, 'P'),
(26, 60004140015, 'P'),
(26, 60004140016, 'P'),
(26, 60004140017, 'P'),
(26, 60004140018, 'P'),
(26, 60004140020, 'P'),
(26, 60004140021, 'P'),
(26, 60004140023, 'P'),
(26, 60004140024, 'P'),
(26, 60004140025, 'P'),
(26, 60004140026, 'P'),
(26, 60004140027, 'P'),
(26, 60004140028, 'P'),
(26, 60004140029, 'P'),
(26, 60004140031, 'P'),
(26, 60004140032, 'P'),
(26, 60004140033, 'P'),
(26, 60004140034, 'P'),
(26, 60004140036, 'P'),
(26, 60004140037, 'P'),
(26, 60004140038, 'P'),
(26, 60004140039, 'P'),
(26, 60004140040, 'P'),
(26, 60004140041, 'P'),
(26, 60004140042, 'P'),
(26, 60004140044, 'P'),
(26, 60004140046, 'P'),
(26, 60004140047, 'P'),
(26, 60004140048, 'P'),
(26, 60004140049, 'P'),
(26, 60004140050, 'P'),
(26, 60004140051, 'P'),
(26, 60004140053, 'P'),
(26, 60004140054, 'P'),
(26, 60004140056, 'P'),
(26, 60004140057, 'P'),
(26, 60004140059, 'P'),
(26, 60004140060, 'P'),
(27, 60004140002, 'A'),
(27, 60004140010, 'A'),
(27, 60004140014, 'A'),
(27, 60004140016, 'A'),
(27, 60004140027, 'A'),
(27, 60004140030, 'A'),
(27, 60004140055, 'A'),
(27, 60004140001, 'P'),
(27, 60004140003, 'P'),
(27, 60004140004, 'P'),
(27, 60004140005, 'P'),
(27, 60004140006, 'P'),
(27, 60004140007, 'P'),
(27, 60004140008, 'P'),
(27, 60004140009, 'P'),
(27, 60004140011, 'P'),
(27, 60004140012, 'P'),
(27, 60004140013, 'P'),
(27, 60004140015, 'P'),
(27, 60004140017, 'P'),
(27, 60004140018, 'P'),
(27, 60004140019, 'P'),
(27, 60004140020, 'P'),
(27, 60004140021, 'P'),
(27, 60004140022, 'P'),
(27, 60004140023, 'P'),
(27, 60004140024, 'P'),
(27, 60004140025, 'P'),
(27, 60004140026, 'P'),
(27, 60004140028, 'P'),
(27, 60004140029, 'P'),
(27, 60004140031, 'P'),
(27, 60004140032, 'P'),
(27, 60004140033, 'P'),
(27, 60004140034, 'P'),
(27, 60004140035, 'P'),
(27, 60004140036, 'P'),
(27, 60004140037, 'P'),
(27, 60004140038, 'P'),
(27, 60004140039, 'P'),
(27, 60004140040, 'P'),
(27, 60004140041, 'P'),
(27, 60004140042, 'P'),
(27, 60004140043, 'P'),
(27, 60004140044, 'P'),
(27, 60004140045, 'P'),
(27, 60004140046, 'P'),
(27, 60004140047, 'P'),
(27, 60004140048, 'P'),
(27, 60004140049, 'P'),
(27, 60004140050, 'P'),
(27, 60004140051, 'P'),
(27, 60004140052, 'P'),
(27, 60004140053, 'P'),
(27, 60004140054, 'P'),
(27, 60004140056, 'P'),
(27, 60004140057, 'P'),
(27, 60004140058, 'P'),
(27, 60004140059, 'P'),
(27, 60004140060, 'P'),
(28, 60004140018, 'A'),
(28, 60004140023, 'A'),
(28, 60004140024, 'A'),
(28, 60004140026, 'A'),
(28, 60004140030, 'A'),
(28, 60004140033, 'A'),
(28, 60004140054, 'A'),
(28, 60004140001, 'P'),
(28, 60004140002, 'P'),
(28, 60004140003, 'P'),
(28, 60004140004, 'P'),
(28, 60004140005, 'P'),
(28, 60004140006, 'P'),
(28, 60004140007, 'P'),
(28, 60004140008, 'P'),
(28, 60004140009, 'P'),
(28, 60004140010, 'P'),
(28, 60004140011, 'P'),
(28, 60004140012, 'P'),
(28, 60004140013, 'P'),
(28, 60004140014, 'P'),
(28, 60004140015, 'P'),
(28, 60004140016, 'P'),
(28, 60004140017, 'P'),
(28, 60004140019, 'P'),
(28, 60004140020, 'P'),
(28, 60004140021, 'P'),
(28, 60004140022, 'P'),
(28, 60004140025, 'P'),
(28, 60004140027, 'P'),
(28, 60004140028, 'P'),
(28, 60004140029, 'P'),
(28, 60004140031, 'P'),
(28, 60004140032, 'P'),
(28, 60004140034, 'P'),
(28, 60004140035, 'P'),
(28, 60004140036, 'P'),
(28, 60004140037, 'P'),
(28, 60004140038, 'P'),
(28, 60004140039, 'P'),
(28, 60004140040, 'P'),
(28, 60004140041, 'P'),
(28, 60004140042, 'P'),
(28, 60004140043, 'P'),
(28, 60004140044, 'P'),
(28, 60004140045, 'P'),
(28, 60004140046, 'P'),
(28, 60004140047, 'P'),
(28, 60004140048, 'P'),
(28, 60004140049, 'P'),
(28, 60004140050, 'P'),
(28, 60004140051, 'P'),
(28, 60004140052, 'P'),
(28, 60004140053, 'P'),
(28, 60004140055, 'P'),
(28, 60004140056, 'P'),
(28, 60004140057, 'P'),
(28, 60004140058, 'P'),
(28, 60004140059, 'P'),
(28, 60004140060, 'P'),
(29, 60004140006, 'A'),
(29, 60004140008, 'A'),
(29, 60004140009, 'A'),
(29, 60004140011, 'A'),
(29, 60004140014, 'A'),
(29, 60004140021, 'A'),
(29, 60004140023, 'A'),
(29, 60004140024, 'A'),
(29, 60004140025, 'A'),
(29, 60004140030, 'A'),
(29, 60004140031, 'A'),
(29, 60004140035, 'A'),
(29, 60004140037, 'A'),
(29, 60004140044, 'A'),
(29, 60004140058, 'A'),
(29, 60004140001, 'P'),
(29, 60004140002, 'P'),
(29, 60004140003, 'P'),
(29, 60004140004, 'P'),
(29, 60004140005, 'P'),
(29, 60004140007, 'P'),
(29, 60004140010, 'P'),
(29, 60004140012, 'P'),
(29, 60004140013, 'P'),
(29, 60004140015, 'P'),
(29, 60004140016, 'P'),
(29, 60004140017, 'P'),
(29, 60004140018, 'P'),
(29, 60004140019, 'P'),
(29, 60004140020, 'P'),
(29, 60004140022, 'P'),
(29, 60004140026, 'P'),
(29, 60004140027, 'P'),
(29, 60004140028, 'P'),
(29, 60004140029, 'P'),
(29, 60004140032, 'P'),
(29, 60004140033, 'P'),
(29, 60004140034, 'P'),
(29, 60004140036, 'P'),
(29, 60004140038, 'P'),
(29, 60004140039, 'P'),
(29, 60004140040, 'P'),
(29, 60004140041, 'P'),
(29, 60004140042, 'P'),
(29, 60004140043, 'P'),
(29, 60004140045, 'P'),
(29, 60004140046, 'P'),
(29, 60004140047, 'P'),
(29, 60004140048, 'P'),
(29, 60004140049, 'P'),
(29, 60004140050, 'P'),
(29, 60004140051, 'P'),
(29, 60004140052, 'P'),
(29, 60004140053, 'P'),
(29, 60004140054, 'P'),
(29, 60004140055, 'P'),
(29, 60004140056, 'P'),
(29, 60004140057, 'P'),
(29, 60004140059, 'P'),
(29, 60004140060, 'P'),
(30, 60004140014, 'A'),
(30, 60004140023, 'A'),
(30, 60004140026, 'A'),
(30, 60004140034, 'A'),
(30, 60004140044, 'A'),
(30, 60004140050, 'A'),
(30, 60004140001, 'P'),
(30, 60004140002, 'P'),
(30, 60004140003, 'P'),
(30, 60004140004, 'P'),
(30, 60004140005, 'P'),
(30, 60004140006, 'P'),
(30, 60004140007, 'P'),
(30, 60004140008, 'P'),
(30, 60004140009, 'P'),
(30, 60004140010, 'P'),
(30, 60004140011, 'P'),
(30, 60004140012, 'P'),
(30, 60004140013, 'P'),
(30, 60004140015, 'P'),
(30, 60004140016, 'P'),
(30, 60004140017, 'P'),
(30, 60004140018, 'P'),
(30, 60004140019, 'P'),
(30, 60004140020, 'P'),
(30, 60004140021, 'P'),
(30, 60004140022, 'P'),
(30, 60004140024, 'P'),
(30, 60004140025, 'P'),
(30, 60004140027, 'P'),
(30, 60004140028, 'P'),
(30, 60004140029, 'P'),
(30, 60004140030, 'P'),
(30, 60004140031, 'P'),
(30, 60004140032, 'P'),
(30, 60004140033, 'P'),
(30, 60004140035, 'P'),
(30, 60004140036, 'P'),
(30, 60004140037, 'P'),
(30, 60004140038, 'P'),
(30, 60004140039, 'P'),
(30, 60004140040, 'P'),
(30, 60004140041, 'P'),
(30, 60004140042, 'P'),
(30, 60004140043, 'P'),
(30, 60004140045, 'P'),
(30, 60004140046, 'P'),
(30, 60004140047, 'P'),
(30, 60004140048, 'P'),
(30, 60004140049, 'P'),
(30, 60004140051, 'P'),
(30, 60004140052, 'P'),
(30, 60004140053, 'P'),
(30, 60004140054, 'P'),
(30, 60004140055, 'P'),
(30, 60004140056, 'P'),
(30, 60004140057, 'P'),
(30, 60004140058, 'P'),
(30, 60004140059, 'P'),
(30, 60004140060, 'P'),
(31, 60004140008, 'A'),
(31, 60004140028, 'P'),
(31, 60004140060, 'A'),
(31, 60004140001, 'P'),
(31, 60004140002, 'P'),
(31, 60004140003, 'P'),
(31, 60004140004, 'P'),
(31, 60004140005, 'P'),
(31, 60004140006, 'P'),
(31, 60004140007, 'P'),
(31, 60004140009, 'P'),
(31, 60004140010, 'P'),
(31, 60004140011, 'P'),
(31, 60004140012, 'P'),
(31, 60004140013, 'P'),
(31, 60004140014, 'P'),
(31, 60004140015, 'P'),
(31, 60004140016, 'P'),
(31, 60004140017, 'P'),
(31, 60004140018, 'P'),
(31, 60004140019, 'P'),
(31, 60004140020, 'P'),
(31, 60004140021, 'P'),
(31, 60004140022, 'P'),
(31, 60004140023, 'P'),
(31, 60004140024, 'P'),
(31, 60004140025, 'P'),
(31, 60004140026, 'P'),
(31, 60004140027, 'P'),
(31, 60004140029, 'P'),
(31, 60004140030, 'P'),
(31, 60004140031, 'P'),
(31, 60004140032, 'P'),
(31, 60004140033, 'P'),
(31, 60004140034, 'P'),
(31, 60004140035, 'P'),
(31, 60004140036, 'P'),
(31, 60004140037, 'P'),
(31, 60004140038, 'P'),
(31, 60004140039, 'P'),
(31, 60004140040, 'P'),
(31, 60004140041, 'P'),
(31, 60004140042, 'P'),
(31, 60004140043, 'P'),
(31, 60004140044, 'P'),
(31, 60004140045, 'P'),
(31, 60004140046, 'P'),
(31, 60004140047, 'P'),
(31, 60004140048, 'P'),
(31, 60004140049, 'P'),
(31, 60004140050, 'P'),
(31, 60004140051, 'P'),
(31, 60004140052, 'P'),
(31, 60004140053, 'P'),
(31, 60004140054, 'P'),
(31, 60004140055, 'P'),
(31, 60004140056, 'P'),
(31, 60004140057, 'P'),
(31, 60004140058, 'P'),
(31, 60004140059, 'P'),
(32, 60004140001, 'A'),
(32, 60004140035, 'A'),
(32, 60004140043, 'A'),
(32, 60004140048, 'A'),
(32, 60004140055, 'A'),
(32, 60004140002, 'P'),
(32, 60004140003, 'P'),
(32, 60004140004, 'P'),
(32, 60004140005, 'P'),
(32, 60004140006, 'P'),
(32, 60004140007, 'P'),
(32, 60004140008, 'P'),
(32, 60004140009, 'P'),
(32, 60004140010, 'P'),
(32, 60004140011, 'P'),
(32, 60004140012, 'P'),
(32, 60004140013, 'P'),
(32, 60004140014, 'P'),
(32, 60004140015, 'P'),
(32, 60004140016, 'P'),
(32, 60004140017, 'P'),
(32, 60004140018, 'P'),
(32, 60004140019, 'P'),
(32, 60004140020, 'P'),
(32, 60004140021, 'P'),
(32, 60004140022, 'P'),
(32, 60004140023, 'P'),
(32, 60004140024, 'P'),
(32, 60004140025, 'P'),
(32, 60004140026, 'P'),
(32, 60004140027, 'P'),
(32, 60004140028, 'P'),
(32, 60004140029, 'P'),
(32, 60004140030, 'P'),
(32, 60004140031, 'P'),
(32, 60004140032, 'P'),
(32, 60004140033, 'P'),
(32, 60004140034, 'P'),
(32, 60004140036, 'P'),
(32, 60004140037, 'P'),
(32, 60004140038, 'P'),
(32, 60004140039, 'P'),
(32, 60004140040, 'P'),
(32, 60004140041, 'P'),
(32, 60004140042, 'P'),
(32, 60004140044, 'P'),
(32, 60004140045, 'P'),
(32, 60004140046, 'P'),
(32, 60004140047, 'P'),
(32, 60004140049, 'P'),
(32, 60004140050, 'P'),
(32, 60004140051, 'P'),
(32, 60004140052, 'P'),
(32, 60004140053, 'P'),
(32, 60004140054, 'P'),
(32, 60004140056, 'P'),
(32, 60004140057, 'P'),
(32, 60004140058, 'P'),
(32, 60004140059, 'P'),
(32, 60004140060, 'P'),
(33, 60004140002, 'A'),
(33, 60004140021, 'A'),
(33, 60004140027, 'P'),
(33, 60004140039, 'P'),
(33, 60004140042, 'A'),
(33, 60004140051, 'A'),
(33, 60004140054, 'A'),
(33, 60004140001, 'P'),
(33, 60004140003, 'P'),
(33, 60004140004, 'P'),
(33, 60004140005, 'P'),
(33, 60004140006, 'P'),
(33, 60004140007, 'P'),
(33, 60004140008, 'P'),
(33, 60004140009, 'P'),
(33, 60004140010, 'P'),
(33, 60004140011, 'P'),
(33, 60004140012, 'P'),
(33, 60004140013, 'P'),
(33, 60004140014, 'P'),
(33, 60004140015, 'P'),
(33, 60004140016, 'P'),
(33, 60004140017, 'P'),
(33, 60004140018, 'P'),
(33, 60004140019, 'P'),
(33, 60004140020, 'P'),
(33, 60004140022, 'P'),
(33, 60004140023, 'P'),
(33, 60004140024, 'P'),
(33, 60004140025, 'P'),
(33, 60004140026, 'P'),
(33, 60004140028, 'P'),
(33, 60004140029, 'P'),
(33, 60004140030, 'P'),
(33, 60004140031, 'P'),
(33, 60004140032, 'P'),
(33, 60004140033, 'P'),
(33, 60004140034, 'P'),
(33, 60004140035, 'P'),
(33, 60004140036, 'P'),
(33, 60004140037, 'P'),
(33, 60004140038, 'P'),
(33, 60004140040, 'P'),
(33, 60004140041, 'P'),
(33, 60004140043, 'P'),
(33, 60004140044, 'P'),
(33, 60004140045, 'P'),
(33, 60004140046, 'P'),
(33, 60004140047, 'P'),
(33, 60004140048, 'P'),
(33, 60004140049, 'P'),
(33, 60004140050, 'P'),
(33, 60004140052, 'P'),
(33, 60004140053, 'P'),
(33, 60004140055, 'P'),
(33, 60004140056, 'P'),
(33, 60004140057, 'P'),
(33, 60004140058, 'P'),
(33, 60004140059, 'P'),
(33, 60004140060, 'P'),
(34, 60004140005, 'A'),
(34, 60004140030, 'A'),
(34, 60004140034, 'A'),
(34, 60004140042, 'A'),
(34, 60004140047, 'A'),
(34, 60004140050, 'A'),
(34, 60004140055, 'A'),
(34, 60004140001, 'P'),
(34, 60004140002, 'P'),
(34, 60004140003, 'P'),
(34, 60004140004, 'P'),
(34, 60004140006, 'P'),
(34, 60004140007, 'P'),
(34, 60004140008, 'P'),
(34, 60004140009, 'P'),
(34, 60004140010, 'P'),
(34, 60004140011, 'P'),
(34, 60004140012, 'P'),
(34, 60004140013, 'P'),
(34, 60004140014, 'P'),
(34, 60004140015, 'P'),
(34, 60004140016, 'P'),
(34, 60004140017, 'P'),
(34, 60004140018, 'P'),
(34, 60004140019, 'P'),
(34, 60004140020, 'P'),
(34, 60004140021, 'P'),
(34, 60004140022, 'P'),
(34, 60004140023, 'P'),
(34, 60004140024, 'P'),
(34, 60004140025, 'P'),
(34, 60004140026, 'P'),
(34, 60004140027, 'P'),
(34, 60004140028, 'P'),
(34, 60004140029, 'P'),
(34, 60004140031, 'P'),
(34, 60004140032, 'P'),
(34, 60004140033, 'P'),
(34, 60004140035, 'P'),
(34, 60004140036, 'P'),
(34, 60004140037, 'P'),
(34, 60004140038, 'P'),
(34, 60004140039, 'P'),
(34, 60004140040, 'P'),
(34, 60004140041, 'P'),
(34, 60004140043, 'P'),
(34, 60004140044, 'P'),
(34, 60004140045, 'P'),
(34, 60004140046, 'P'),
(34, 60004140048, 'P'),
(34, 60004140049, 'P'),
(34, 60004140051, 'P'),
(34, 60004140052, 'P'),
(34, 60004140053, 'P'),
(34, 60004140054, 'P'),
(34, 60004140056, 'P'),
(34, 60004140057, 'P'),
(34, 60004140058, 'P'),
(34, 60004140059, 'P'),
(34, 60004140060, 'P'),
(35, 60004140042, 'A'),
(35, 60004140046, 'A'),
(35, 60004140055, 'A'),
(35, 60004140001, 'P'),
(35, 60004140002, 'P'),
(35, 60004140003, 'P'),
(35, 60004140004, 'P'),
(35, 60004140005, 'P'),
(35, 60004140006, 'P'),
(35, 60004140007, 'P'),
(35, 60004140008, 'P'),
(35, 60004140009, 'P'),
(35, 60004140010, 'P'),
(35, 60004140011, 'P'),
(35, 60004140012, 'P'),
(35, 60004140013, 'P'),
(35, 60004140014, 'P'),
(35, 60004140015, 'P'),
(35, 60004140016, 'P'),
(35, 60004140017, 'P'),
(35, 60004140018, 'P'),
(35, 60004140019, 'P'),
(35, 60004140020, 'P'),
(35, 60004140021, 'P'),
(35, 60004140022, 'P'),
(35, 60004140023, 'P'),
(35, 60004140024, 'P'),
(35, 60004140025, 'P'),
(35, 60004140026, 'P'),
(35, 60004140027, 'P'),
(35, 60004140028, 'P'),
(35, 60004140029, 'P'),
(35, 60004140030, 'P'),
(35, 60004140031, 'P'),
(35, 60004140032, 'P'),
(35, 60004140033, 'P'),
(35, 60004140034, 'P'),
(35, 60004140035, 'P'),
(35, 60004140036, 'P'),
(35, 60004140037, 'P'),
(35, 60004140038, 'P'),
(35, 60004140039, 'P'),
(35, 60004140040, 'P'),
(35, 60004140041, 'P'),
(35, 60004140043, 'P'),
(35, 60004140044, 'P'),
(35, 60004140045, 'P'),
(35, 60004140047, 'P'),
(35, 60004140048, 'P'),
(35, 60004140049, 'P'),
(35, 60004140050, 'P'),
(35, 60004140051, 'P'),
(35, 60004140052, 'P'),
(35, 60004140053, 'P'),
(35, 60004140054, 'P'),
(35, 60004140056, 'P'),
(35, 60004140057, 'P'),
(35, 60004140058, 'P'),
(35, 60004140059, 'P'),
(35, 60004140060, 'P'),
(36, 60004140018, 'A'),
(36, 60004140019, 'A'),
(36, 60004140026, 'A'),
(36, 60004140027, 'A'),
(36, 60004140042, 'A'),
(36, 60004140001, 'P'),
(36, 60004140002, 'P'),
(36, 60004140003, 'P'),
(36, 60004140004, 'P'),
(36, 60004140005, 'P'),
(36, 60004140006, 'P'),
(36, 60004140007, 'P'),
(36, 60004140008, 'P'),
(36, 60004140009, 'P'),
(36, 60004140010, 'P'),
(36, 60004140011, 'P'),
(36, 60004140012, 'P'),
(36, 60004140013, 'P'),
(36, 60004140014, 'P'),
(36, 60004140015, 'P'),
(36, 60004140016, 'P'),
(36, 60004140017, 'P'),
(36, 60004140020, 'P'),
(36, 60004140021, 'P'),
(36, 60004140022, 'P'),
(36, 60004140023, 'P'),
(36, 60004140024, 'P'),
(36, 60004140025, 'P'),
(36, 60004140028, 'P'),
(36, 60004140029, 'P'),
(36, 60004140030, 'P'),
(36, 60004140031, 'P'),
(36, 60004140032, 'P'),
(36, 60004140033, 'P'),
(36, 60004140034, 'P'),
(36, 60004140035, 'P'),
(36, 60004140036, 'P'),
(36, 60004140037, 'P'),
(36, 60004140038, 'P'),
(36, 60004140039, 'P'),
(36, 60004140040, 'P'),
(36, 60004140041, 'P'),
(36, 60004140043, 'P'),
(36, 60004140044, 'P'),
(36, 60004140045, 'P'),
(36, 60004140046, 'P'),
(36, 60004140047, 'P'),
(36, 60004140048, 'P'),
(36, 60004140049, 'P'),
(36, 60004140050, 'P'),
(36, 60004140051, 'P'),
(36, 60004140052, 'P'),
(36, 60004140053, 'P'),
(36, 60004140054, 'P'),
(36, 60004140055, 'P'),
(36, 60004140056, 'P'),
(36, 60004140057, 'P'),
(36, 60004140058, 'P'),
(36, 60004140059, 'P'),
(36, 60004140060, 'P'),
(37, 60004140007, 'A'),
(37, 60004140011, 'A'),
(37, 60004140027, 'A'),
(37, 60004140035, 'A'),
(37, 60004140001, 'P'),
(37, 60004140002, 'P'),
(37, 60004140003, 'P'),
(37, 60004140004, 'P'),
(37, 60004140005, 'P'),
(37, 60004140006, 'P'),
(37, 60004140008, 'P'),
(37, 60004140009, 'P'),
(37, 60004140010, 'P'),
(37, 60004140012, 'P'),
(37, 60004140013, 'P'),
(37, 60004140014, 'P'),
(37, 60004140015, 'P'),
(37, 60004140016, 'P'),
(37, 60004140017, 'P'),
(37, 60004140018, 'P'),
(37, 60004140019, 'P'),
(37, 60004140020, 'P'),
(37, 60004140021, 'P'),
(37, 60004140022, 'P'),
(37, 60004140023, 'P'),
(37, 60004140024, 'P'),
(37, 60004140025, 'P'),
(37, 60004140026, 'P'),
(37, 60004140028, 'P'),
(37, 60004140029, 'P'),
(37, 60004140030, 'P'),
(37, 60004140031, 'P'),
(37, 60004140032, 'P'),
(37, 60004140033, 'P'),
(37, 60004140034, 'P'),
(37, 60004140036, 'P'),
(37, 60004140037, 'P'),
(37, 60004140038, 'P'),
(37, 60004140039, 'P'),
(37, 60004140040, 'P'),
(37, 60004140041, 'P'),
(37, 60004140042, 'P'),
(37, 60004140043, 'P'),
(37, 60004140044, 'P'),
(37, 60004140045, 'P'),
(37, 60004140046, 'P'),
(37, 60004140047, 'P'),
(37, 60004140048, 'P'),
(37, 60004140049, 'P'),
(37, 60004140050, 'P'),
(37, 60004140051, 'P'),
(37, 60004140052, 'P'),
(37, 60004140053, 'P'),
(37, 60004140054, 'P'),
(37, 60004140055, 'P'),
(37, 60004140056, 'P'),
(37, 60004140057, 'P'),
(37, 60004140058, 'P'),
(37, 60004140059, 'P'),
(37, 60004140060, 'P');

-- --------------------------------------------------------

--
-- Table structure for table `students`
--

CREATE TABLE IF NOT EXISTS `students` (
  `id` bigint(15) NOT NULL,
  `password` varchar(32) DEFAULT NULL,
  `u_id` int(11) DEFAULT NULL,
  `div_name` varchar(2) NOT NULL,
  PRIMARY KEY (`id`),
  KEY `u_id` (`u_id`)
) ENGINE=MyISAM DEFAULT CHARSET=latin1;

--
-- Dumping data for table `students`
--

INSERT INTO `students` (`id`, `password`, `u_id`, `div_name`) VALUES
(60004140001, '60004140001', 5, 'A'),
(60004140002, '60004140002', 5, 'A'),
(60004140003, '60004140003', 5, 'A'),
(60004140004, '60004140004', 5, 'A'),
(60004140005, '60004140005', 5, 'A'),
(60004140006, '60004140006', 5, 'A'),
(60004140007, '60004140007', 5, 'A'),
(60004140008, '60004140008', 5, 'A'),
(60004140009, '60004140009', 5, 'A'),
(60004140010, '60004140010', 5, 'A'),
(60004140011, '60004140011', 5, 'A'),
(60004140012, '60004140012', 5, 'A'),
(60004140013, '60004140013', 5, 'A'),
(60004140014, '60004140014', 5, 'A'),
(60004140015, '60004140015', 5, 'A'),
(60004140016, '60004140016', 5, 'A'),
(60004140017, '60004140017', 5, 'A'),
(60004140018, '60004140018', 5, 'A'),
(60004140019, '60004140019', 5, 'A'),
(60004140020, '60004140020', 5, 'A'),
(60004140021, '60004140021', 5, 'A'),
(60004140022, '60004140022', 5, 'A'),
(60004140023, '60004140023', 5, 'A'),
(60004140024, '60004140024', 5, 'A'),
(60004140025, '60004140025', 5, 'A'),
(60004140026, '60004140026', 5, 'A'),
(60004140027, '60004140027', 5, 'A'),
(60004140028, '60004140028', 5, 'A'),
(60004140029, '60004140029', 5, 'A'),
(60004140030, '60004140030', 5, 'A'),
(60004140031, '60004140031', 5, 'A'),
(60004140032, '60004140032', 5, 'A'),
(60004140033, '60004140033', 5, 'A'),
(60004140034, '60004140034', 5, 'A'),
(60004140035, '60004140035', 5, 'A'),
(60004140036, '60004140036', 5, 'A'),
(60004140037, '60004140037', 5, 'A'),
(60004140038, '60004140038', 5, 'A'),
(60004140039, '60004140039', 5, 'A'),
(60004140040, '60004140040', 5, 'A'),
(60004140041, '60004140041', 5, 'A'),
(60004140042, '60004140042', 5, 'A'),
(60004140043, '60004140043', 5, 'A'),
(60004140044, '60004140044', 5, 'A'),
(60004140045, '60004140045', 5, 'A'),
(60004140046, '60004140046', 5, 'A'),
(60004140047, '60004140047', 5, 'A'),
(60004140048, '60004140048', 5, 'A'),
(60004140049, '60004140049', 5, 'A'),
(60004140050, '60004140050', 5, 'A'),
(60004140051, '60004140051', 5, 'A'),
(60004140052, '60004140052', 5, 'A'),
(60004140053, '60004140053', 5, 'A'),
(60004140054, '60004140054', 5, 'A'),
(60004140055, '60004140055', 5, 'A'),
(60004140056, '60004140056', 5, 'A'),
(60004140057, '60004140057', 5, 'A'),
(60004140058, '60004140058', 5, 'A'),
(60004140059, '60004140059', 5, 'A'),
(60004140060, '60004140060', 5, 'A'),
(60004140061, '60004140061', 6, 'B'),
(60004140062, '60004140062', 6, 'B'),
(60004140063, '60004140063', 6, 'B'),
(60004140064, '60004140064', 6, 'B'),
(60004140065, '60004140065', 6, 'B'),
(60004140066, '60004140066', 6, 'B'),
(60004140067, '60004140067', 6, 'B'),
(60004140068, '60004140068', 6, 'B'),
(60004140069, '60004140069', 6, 'B'),
(60004140070, '60004140070', 6, 'B'),
(60004140071, '60004140071', 6, 'B'),
(60004140072, '60004140072', 6, 'B'),
(60004140073, '60004140073', 6, 'B'),
(60004140074, '60004140074', 6, 'B'),
(60004140075, '60004140075', 6, 'B'),
(60004140076, '60004140076', 6, 'B'),
(60004140077, '60004140077', 6, 'B'),
(60004140078, '60004140078', 6, 'B'),
(60004140079, '60004140079', 6, 'B'),
(60004140080, '60004140080', 6, 'B'),
(60004140081, '60004140081', 6, 'B'),
(60004140082, '60004140082', 6, 'B'),
(60004140083, '60004140083', 6, 'B'),
(60004140084, '60004140084', 6, 'B'),
(60004140085, '60004140085', 6, 'B'),
(60004140086, '60004140086', 6, 'B'),
(60004140087, '60004140087', 6, 'B'),
(60004140088, '60004140088', 6, 'B'),
(60004140089, '60004140089', 6, 'B'),
(60004140090, '60004140090', 6, 'B'),
(60004140091, '60004140091', 6, 'B'),
(60004140092, '60004140092', 6, 'B'),
(60004140093, '60004140093', 6, 'B'),
(60004140094, '60004140094', 6, 'B'),
(60004140095, '60004140095', 6, 'B'),
(60004140096, '60004140096', 6, 'B'),
(60004140097, '60004140097', 6, 'B'),
(60004140098, '60004140098', 6, 'B'),
(60004140099, '60004140099', 6, 'B'),
(60004140100, '60004140100', 6, 'B'),
(60004140101, '60004140101', 6, 'B'),
(60004140102, '60004140102', 6, 'B'),
(60004140103, '60004140103', 6, 'B'),
(60004140104, '60004140104', 6, 'B'),
(60004140105, '60004140105', 6, 'B'),
(60004140106, '60004140106', 6, 'B'),
(60004140107, '60004140107', 6, 'B'),
(60004140108, '60004140108', 6, 'B'),
(60004140109, '60004140109', 6, 'B'),
(60004140110, '60004140110', 6, 'B'),
(60004140111, '60004140111', 6, 'B'),
(60004140112, '60004140112', 6, 'B'),
(60004140113, '60004140113', 6, 'B'),
(60004140114, '60004140114', 6, 'B'),
(60004140115, '60004140115', 6, 'B'),
(60004140116, '60004140116', 6, 'B'),
(60004140117, '60004140117', 6, 'B'),
(60004140118, '60004140118', 6, 'B'),
(60004140119, '60004140119', 6, 'B'),
(60004140120, '60004140120', 6, 'B');

-- --------------------------------------------------------

--
-- Table structure for table `subject`
--

CREATE TABLE IF NOT EXISTS `subject` (
  `sub_id` int(11) NOT NULL,
  `name` varchar(30) DEFAULT NULL,
  `year` int(11) DEFAULT NULL,
  PRIMARY KEY (`sub_id`),
  KEY `Subject` (`year`)
) ENGINE=MyISAM DEFAULT CHARSET=latin1;

--
-- Dumping data for table `subject`
--

INSERT INTO `subject` (`sub_id`, `name`, `year`) VALUES
(25, 'MP', 3),
(26, 'OS', 3),
(27, 'CN', 3),
(28, 'SOOAD', 3),
(29, 'WT', 3),
(30, 'BCE', 3);

-- --------------------------------------------------------

--
-- Table structure for table `teacher`
--

CREATE TABLE IF NOT EXISTS `teacher` (
  `t_id` bigint(15) NOT NULL,
  `name` varchar(30) DEFAULT NULL,
  `password` varchar(32) DEFAULT NULL,
  `d_id` int(11) DEFAULT NULL,
  PRIMARY KEY (`t_id`),
  KEY `d_id` (`d_id`)
) ENGINE=MyISAM DEFAULT CHARSET=latin1;

--
-- Dumping data for table `teacher`
--

INSERT INTO `teacher` (`t_id`, `name`, `password`, `d_id`) VALUES
(60001001, 'Harish Narula', '60001001', 1),
(60001002, 'Chetashri Badane', '60001002', 1),
(60001003, 'Khushali Deolkar', '60001003', 1),
(60001004, 'Deepak Manglani', '60001004', 1),
(60001005, 'Chirag Desai', '60001005', 1),
(60001006, 'Shirley Mathew', '60001006', 1);

-- --------------------------------------------------------

--
-- Table structure for table `teacher_subject`
--

CREATE TABLE IF NOT EXISTS `teacher_subject` (
  `id` int(11) NOT NULL,
  `t_id` bigint(15) DEFAULT NULL,
  `sub_id` int(11) DEFAULT NULL,
  `d_id` int(11) DEFAULT NULL,
  PRIMARY KEY (`id`),
  KEY `t_id` (`t_id`),
  KEY `sub_id` (`sub_id`),
  KEY `d_id` (`d_id`)
) ENGINE=MyISAM DEFAULT CHARSET=latin1;

--
-- Dumping data for table `teacher_subject`
--

INSERT INTO `teacher_subject` (`id`, `t_id`, `sub_id`, `d_id`) VALUES
(1, 60001001, 25, 1),
(2, 60001002, 26, 1),
(3, 60001003, 27, 1),
(4, 60001004, 28, 1),
(5, 60001005, 29, 1),
(6, 60001006, 30, 1),
(7, 60001001, 25, 2);

-- --------------------------------------------------------

--
-- Table structure for table `year`
--

CREATE TABLE IF NOT EXISTS `year` (
  `y_id` int(11) NOT NULL,
  `name` varchar(20) DEFAULT NULL,
  PRIMARY KEY (`y_id`)
) ENGINE=MyISAM DEFAULT CHARSET=latin1;

--
-- Dumping data for table `year`
--

INSERT INTO `year` (`y_id`, `name`) VALUES
(1, 'FE'),
(2, 'SE'),
(3, 'TE'),
(4, 'BE');

/*!40101 SET CHARACTER_SET_CLIENT=@OLD_CHARACTER_SET_CLIENT */;
/*!40101 SET CHARACTER_SET_RESULTS=@OLD_CHARACTER_SET_RESULTS */;
/*!40101 SET COLLATION_CONNECTION=@OLD_COLLATION_CONNECTION */;
